Directory Number,Directory Name,Full File Path
02,Purpose of Library,C:\Users\ihelp\Comprehensive_Resource_Library\Comprehensive_Resource_Library\Library_Resources\02_Purpose_of_Library\index.html
03,Navigation Guide,C:\Users\ihelp\Comprehensive_Resource_Library\Comprehensive_Resource_Library\Library_Resources\03_Navigation_Guide\index.html
04,Quick Start Guides,C:\Users\ihelp\Comprehensive_Resource_Library\Comprehensive_Resource_Library\Library_Resources\04_Quick_Start_Guides\index.html
05,Basic Tutorials,C:\Users\ihelp\Comprehensive_Resource_Library\Comprehensive_Resource_Library\Library_Resources\05_Basic_Tutorials\index.html
06,Email Marketing,C:\Users\ihelp\Comprehensive_Resource_Library\Comprehensive_Resource_Library\Library_Resources\06_Email_Marketing\index.html
07,Social Media,C:\Users\ihelp\Comprehensive_Resource_Library\Comprehensive_Resource_Library\Library_Resources\07_Social_Media\index.html
08,SEO Checklists,C:\Users\ihelp\Comprehensive_Resource_Library\Comprehensive_Resource_Library\Library_Resources\08_SEO_Checklists\index.html
09,Workflow Automation,C:\Users\ihelp\Comprehensive_Resource_Library\Comprehensive_Resource_Library\Library_Resources\09_Workflow_Automation\index.html
10,Blog Templates,C:\Users\ihelp\Comprehensive_Resource_Library\Comprehensive_Resource_Library\Library_Resources\10_Blog_Templates\index.html
11,Video Scripts,C:\Users\ihelp\Comprehensive_Resource_Library\Comprehensive_Resource_Library\Library_Resources\11_Video_Scripts\index.html
12,Graphic Design,C:\Users\ihelp\Comprehensive_Resource_Library\Comprehensive_Resource_Library\Library_Resources\12_Graphic_Design\index.html
13,Online Courses,C:\Users\ihelp\Comprehensive_Resource_Library\Comprehensive_Resource_Library\Library_Resources\13_Online_Courses\index.html
14,Ebook Summaries,C:\Users\ihelp\Comprehensive_Resource_Library\Comprehensive_Resource_Library\Library_Resources\14_Ebook_Summaries\index.html
15,Guide Summaries,C:\Users\ihelp\Comprehensive_Resource_Library\Comprehensive_Resource_Library\Library_Resources\15_Guide_Summaries\index.html
16,Whitepaper Summaries,C:\Users\ihelp\Comprehensive_Resource_Library\Comprehensive_Resource_Library\Library_Resources\16_Whitepaper_Summaries\index.html
17,AI Tutorials,C:\Users\ihelp\Comprehensive_Resource_Library\Comprehensive_Resource_Library\Library_Resources\17_AI_Tutorials\index.html
18,AI Case Studies,C:\Users\ihelp\Comprehensive_Resource_Library\Comprehensive_Resource_Library\Library_Resources\18_AI_Case_Studies\index.html
19,Digital Marketing,C:\Users\ihelp\Comprehensive_Resource_Library\Comprehensive_Resource_Library\Library_Resources\19_Digital_Marketing\index.html
20,Success Stories,C:\Users\ihelp\Comprehensive_Resource_Library\Comprehensive_Resource_Library\Library_Resources\20_Success_Stories\index.html
21,Business Plans,C:\Users\ihelp\Comprehensive_Resource_Library\Comprehensive_Resource_Library\Library_Resources\21_Business_Plans\index.html
22,Networking Tips,C:\Users\ihelp\Comprehensive_Resource_Library\Comprehensive_Resource_Library\Library_Resources\22_Networking_Tips\index.html
23,Discussion Forum,C:\Users\ihelp\Comprehensive_Resource_Library\Comprehensive_Resource_Library\Library_Resources\23_Discussion_Forum\index.html
24,AMA Guidelines,C:\Users\ihelp\Comprehensive_Resource_Library\Comprehensive_Resource_Library\Library_Resources\24_AMA_Guidelines\index.html
25,Interview Frameworks,C:\Users\ihelp\Comprehensive_Resource_Library\Comprehensive_Resource_Library\Library_Resources\25_Interview_Frameworks\index.html
26,Monthly Updates,C:\Users\ihelp\Comprehensive_Resource_Library\Comprehensive_Resource_Library\Library_Resources\26_Monthly_Updates\index.html
27,Newsletter Drafts,C:\Users\ihelp\Comprehensive_Resource_Library\Comprehensive_Resource_Library\Library_Resources\27_Newsletter_Drafts\index.html
29,Real Life Examples,C:\Users\ihelp\Comprehensive_Resource_Library\Comprehensive_Resource_Library\Library_Resources\29_Real_Life_Examples\index.html
30,Success Metrics,C:\Users\ihelp\Comprehensive_Resource_Library\Comprehensive_Resource_Library\Library_Resources\30_Success_Metrics\index.html
31,Prompt Toolkit,C:\Users\ihelp\Comprehensive_Resource_Library\Comprehensive_Resource_Library\Library_Resources\31_Prompt_Toolkit\index.html
32,Free Tools,C:\Users\ihelp\Comprehensive_Resource_Library\Comprehensive_Resource_Library\Library_Resources\32_Free_Tools\index.html
33,Offer Templates,C:\Users\ihelp\Comprehensive_Resource_Library\Comprehensive_Resource_Library\Library_Resources\33_Offer_Templates\index.html
40,Feedback Forms,C:\Users\ihelp\Comprehensive_Resource_Library\Comprehensive_Resource_Library\Library_Resources\40_Feedback_Forms\index.html
45,Final Words,C:\Users\ihelp\Comprehensive_Resource_Library\Comprehensive_Resource_Library\Library_Resources\45_Final_Words\index.html
